Cluster,age,ejection_fraction,serum_creatinine,serum_sodium,creatinine_phosphokinase,platelets,DEATH_EVENT,sex
0,63.486486486486484,52.25675675675676,1.2186486486486487,138.55405405405406,391.02702702702703,314327.32797297294,0.22972972972972974,0.6081081081081081
1,69.6231884057971,33.98550724637681,2.261014492753623,131.97101449275362,338.81159420289856,233181.24942028988,0.6086956521739131,0.6666666666666666
2,55.68803846153847,33.17307692307692,1.0934615384615385,137.76923076923077,779.8461538461538,252527.7068589744,0.23717948717948717,0.6602564102564102
